id,revenue
3001,22938307.81
3002,10821748.71
3003,7555582.45
3004,22751781.0
3005,15551731.43
3006,14070385.53
3007,8693230.22
3008,62008762.46
3009,30502920.89
3010,455463796.34
3011,1356438.98
3012,4054143.53
3013,49685753.83
3014,1498817.34
3015,43443745.05
3016,1188700.04
3017,115848238.91
3018,137499330.36
3019,25794494.15
3020,871252796.79
3021,74936654.32
3022,42607857.13
3023,916831.1
3024,52533672.23
3025,1962284.34
3026,148886676.33
3027,6337183.81
3028,72240813.05
3029,23080779.99
3030,50342718.3
3031,22895211.23
3032,6536029.38
3033,3995010.44
3034,580768.5
3035,31951068.08
3036,37394215.52
3037,86328452.49
3038,79124134.03
3039,37687878.31
3040,15976589.08
3041,25630507.38
3042,6972332.12
3043,37928045.37
3044,9826275.63
3045,521701128.06
3046,5501091.43
3047,15505811.88
3048,43983627.64
3049,33764315.88
3050,64189490.75
3051,7343984.34
3052,45608657.63
3053,3374095.03
3054,1931345.61
3055,100132789.47
3056,985015.57
3057,108359827.2
3058,435827076.37
3059,2909006.4
3060,101661226.14
3061,82366591.57
3062,100184156.4
3063,128204875.84
3064,110068700.28
3065,49993616.22
3066,122648571.12
3067,10672723.37
3068,77233599.89
3069,236188962.98
3070,10796072.58
3071,14921802.8
3072,568056568.22
3073,7312430.55
3074,2247366.58
3075,36795432.41
3076,363426416.65
3077,84414200.92
3078,140755014.51
3079,37900179.89
3080,85778980.56
3081,32672498.88
3082,14980018.88
3083,16636139.53
3084,1865685.43
3085,63614906.48
3086,80964491.61
3087,10749233.22
3088,2588757.95
3089,837447.51
3090,44566887.2
3091,35071325.59
3092,8205676.88
3093,188527157.12
3094,104677804.12
3095,84755952.81
3096,7887070.9
3097,996031688.71
3098,30647189.44
3099,102203645.56
3100,7552073.07
3101,19336261.52
3102,9069309.88
3103,6902924.26
3104,4549050.58
3105,99934029.84
3106,64969975.73
3107,74536165.42
3108,32984184.03
3109,18115661.54
3110,471540993.92
3111,28162242.03
3112,4467136.84
3113,14653637.53
3114,39024268.42
3115,38151963.66
3116,16529446.24
3117,2284400.6
3118,5329893.3
3119,220748314.48
3120,240529059.31
3121,8357282.92
3122,18855174.61
3123,29539963.73
3124,8725385.02
3125,1174296.02
3126,44674538.52
3127,19359139.62
3128,42645699.76
3129,265821810.95
3130,19228103.94
3131,6440184.87
3132,9522634.34
3133,2924968.32
3134,21183978.78
3135,6367920.28
3136,6394129.01
3137,149472557.5
3138,3268537.73
3139,63268673.81
3140,204704282.28
3141,29992714.91
3142,5829864.28
3143,143858122.09
3144,20594189.1
3145,83831462.83
3146,2680418.71
3147,32483627.6
3148,4001915.95
3149,100782671.15
3150,118643271.8
3151,9898352.08
3152,27686733.73
3153,4735493.89
3154,12253864.53
3155,54504821.89
3156,30100650.02
3157,38776345.33
3158,206655667.96
3159,13624091.23
3160,16266154.58
3161,5692074.54
3162,9242639.86
3163,136194168.63
3164,4715781.76
3165,2434545.38
3166,989335.81
3167,102870216.48
3168,4255268.86
3169,30389604.93
3170,14213571.71
3171,103692382.86
3172,51673486.88
3173,1941270.45
3174,10945667.57
3175,37564648.89
3176,97349608.3
3177,131427002.73
3178,6974314.34
3179,15996859.92
3180,19476780.97
3181,7522041.29
3182,243916186.84
3183,41682229.04
3184,47865429.52
3185,59515794.15
3186,61289258.51
3187,9259027.65
3188,25769973.07
3189,86831455.08
3190,65912513.73
3191,26613003.09
3192,19758826.25
3193,312058118.5
3194,86055767.82
3195,10779502.44
3196,21751684.48
3197,36886041.3
3198,306268671.28
3199,283915160.51
3200,21364359.47
3201,68157414.84
3202,7849844.93
3203,3323759.53
3204,7845789.13
3205,1149702.87
3206,50309689.7
3207,62089003.81
3208,11960054.7
3209,6128443.39
3210,660171571.29
3211,2442266.76
3212,65320965.06
3213,88493673.6
3214,12503790.64
3215,7873253.42
3216,27674718.36
3217,401926137.7
3218,28465415.59
3219,6621210.56
3220,196696703.13
3221,22098438.37
3222,7514402.01
3223,23926098.32
3224,3211693.37
3225,6558610.42
3226,7588792.52
3227,95783137.32
3228,208335941.76
3229,175856108.76
3230,76131201.09
3231,110155484.4
3232,46249959.57
3233,8237254.25
3234,15911709.13
3235,94442048.96
3236,2381187.93
3237,26481461.76
3238,10983938.98
3239,5106481.24
3240,442386863.13
3241,10988844.55
3242,9214453.79
3243,11287293.38
3244,8485877.56
3245,14749309.42
3246,36560677.75
3247,24189401.71
3248,90867555.15
3249,62503882.54
3250,345296853.09
3251,3534470.46
3252,46314380.6
3253,114319531.9
3254,9162261.79
3255,860040.22
3256,59708120.46
3257,61185628.48
3258,9668893.43
3259,43564384.81
3260,11186494.69
3261,711322730.04
3262,69979240.12
3263,4175223.75
3264,19232671.53
3265,4382778.63
3266,2793242.57
3267,51129627.94
3268,191801.31
3269,86751584.68
3270,258152311.14
3271,28942049.09
3272,21720255.78
3273,26766157.17
3274,387152920.86
3275,48080760.65
3276,6121395.02
3277,27541707.97
3278,74215942.23
3279,13433535.92
3280,311559724.72
3281,3078741.78
3282,11376291.81
3283,417042844.76
3284,50058920.58
3285,97961901.48
3286,5392602.64
3287,16159075.5
3288,23819656.52
3289,63375971.67
3290,112141475.33
3291,30944938.53
3292,311988320.3
3293,97236663.11
3294,20828228.18
3295,15813879.13
3296,9618460.89
3297,12824570.47
3298,64578089.47
3299,8501578.31
3300,30794867.14
3301,366452.1
3302,11716026.72
3303,13330451.69
3304,27602878.17
3305,87843251.25
3306,1786829.35
3307,63159429.58
3308,13600160.63
3309,13305767.16
3310,11996903.54
3311,19117439.83
3312,55004425.98
3313,86406084.96
3314,37582727.61
3315,126865731.63
3316,25376528.78
3317,14936166.14
3318,1268507.72
3319,5853113.9
3320,29760075.61
3321,20292636.7
3322,18602403.29
3323,113924784.04
3324,21958959.09
3325,87297356.71
3326,213119637.06
3327,113354990.19
3328,48284629.04
3329,13802823.11
3330,162639601.21
3331,10848429.46
3332,76410698.62
3333,235267620.64
3334,7595365.62
3335,57080485.54
3336,52755507.81
3337,2364200.7
3338,21411346.91
3339,5769888.8
3340,117347841.11
3341,29179192.64
3342,136849071.58
3343,68721565.53
3344,4701686.14
3345,19308104.18
3346,32474457.04
3347,1882675.62
3348,27803652.17
3349,109265290.75
3350,155043730.44
3351,40068124.19
3352,8338088.64
3353,104720395.91
3354,14910470.85
3355,3330377.94
3356,23245085.68
3357,1626373.32
3358,22586448.55
3359,30737024.63
3360,19484452.3
3361,141766305.6
3362,15631129.25
3363,14771010.49
3364,26678392.93
3365,8660815.64
3366,126883674.45
3367,153773607.62
3368,2160350.92
3369,54069069.09
3370,115603480.02
3371,69993608.23
3372,45877047.62
3373,85224574.54
3374,14639078.31
3375,71855212.2
3376,30338023.36
3377,29232774.08
3378,21128826.22
3379,207864578.42
3380,56855162.88
3381,14898354.84
3382,4098640.78
3383,3975709.5
3384,107627678.05
3385,108431263.04
3386,1593378.89
3387,18095073.93
3388,149943381.27
3389,1043071270.92
3390,13130413.07
3391,9988124.53
3392,14135003.52
3393,31105100.43
3394,117275181.77
3395,145745784.34
3396,30919771.01
3397,973756.64
3398,276195727.04
3399,112658591.34
3400,26479018.59
3401,11693852.55
3402,2103613.08
3403,171525762.43
3404,12546394.38
3405,32149619.7
3406,219428743.92
3407,196201230.16
3408,66497672.72
3409,10692536.35
3410,81982116.87
3411,69839920.39
3412,27077309.05
3413,36548430.14
3414,11974928.5
3415,35402344.69
3416,173643591.73
3417,79117530.13
3418,40237407.87
3419,360446817.66
3420,8540496.43
3421,20394244.76
3422,5118535.69
3423,433557453.26
3424,18019161.23
3425,16313520.63
3426,21776654.21
3427,23492147.02
3428,5274250.93
3429,37017103.59
3430,855828222.29
3431,13910363.06
3432,13105731.2
3433,24145357.46
3434,42849285.28
3435,540455183.49
3436,168991833.81
3437,9346330.81
3438,22674280.42
3439,92917452.07
3440,60736043.88
3441,92819378.59
3442,10080840.4
3443,5490515.96
3444,1947515.78
3445,60455524.53
3446,863040.34
3447,14695099.47
3448,45228201.05
3449,9238033.49
3450,71865262.92
3451,66662309.89
3452,37463486.08
3453,52870735.31
3454,26768853.88
3455,14044314.76
3456,166858655.34
3457,106552869.42
3458,24015183.01
3459,616948048.22
3460,47416226.68
3461,11675704.22
3462,26825573.59
3463,46417365.75
3464,1066578.47
3465,32567235.4
3466,57311153.0
3467,21894441.26
3468,150015530.25
3469,7431870.37
3470,1880693.71
3471,82987177.41
3472,4542885.34
3473,70964731.58
3474,105595179.49
3475,223163940.35
3476,12755569.42
3477,47492880.31
3478,10109957.55
3479,371559750.23
3480,17613753.91
3481,14511213.67
3482,3212590.61
3483,3315176.17
3484,15144484.29
3485,111206072.87
3486,141001705.34
3487,113424902.75
3488,198884907.56
3489,17040655.98
3490,68544232.76
3491,37199545.37
3492,22285978.68
3493,35766410.73
3494,38476967.89
3495,107081416.17
3496,8313254.12
3497,53395167.85
3498,51059518.63
3499,48899830.13
3500,4075567.59
3501,115618436.02
3502,78243599.89
3503,53802986.2
3504,95201854.9
3505,7767689.21
3506,84751967.45
3507,347607730.89
3508,15974267.42
3509,26937208.46
3510,24977030.29
3511,30790418.68
3512,212306683.08
3513,14902223.64
3514,32614854.63
3515,22461165.9
3516,32287329.76
3517,732014230.05
3518,29777076.26
3519,23077760.77
3520,12171392.69
3521,6522051.44
3522,14855267.9
3523,21977737.66
3524,71047160.84
3525,123579381.93
3526,30702614.56
3527,23609231.96
3528,13807218.45
3529,519203720.56
3530,30639666.03
3531,95153576.39
3532,64340660.29
3533,57520496.72
3534,68549631.06
3535,204625249.88
3536,25909066.6
3537,123135720.95
3538,98902802.03
3539,60116561.9
3540,23537045.65
3541,33777623.69
3542,44808521.38
3543,1572509.24
3544,53301659.3
3545,9557003.03
3546,9635498.54
3547,114164140.23
3548,350484916.4
3549,11231658.18
3550,258346808.3
3551,114365308.3
3552,157988114.11
3553,86117881.75
3554,146252814.25
3555,192834094.13
3556,64832624.02
3557,22719560.52
3558,237288989.77
3559,39273849.53
3560,5138710.88
3561,84278821.51
3562,21298183.88
3563,33772710.47
3564,2497436.21
3565,7960582.27
3566,84800749.12
3567,12779081.21
3568,5309226.87
3569,127772660.7
3570,3258041.78
3571,57463061.7
3572,148249316.05
3573,11799276.25
3574,53288417.46
3575,12249509.21
3576,22156965.48
3577,17135133.7
3578,117708229.41
3579,43182086.33
3580,26560490.36
3581,23063635.0
3582,105554075.42
3583,4730898.72
3584,51071958.33
3585,47845386.86
3586,39882760.21
3587,7836544.8
3588,12663913.43
3589,40108732.7
3590,72936543.27
3591,528177197.96
3592,12294760.04
3593,4069172.28
3594,13283320.3
3595,58571002.55
3596,37274157.36
3597,22464282.78
3598,63002024.47
3599,28660724.21
3600,6906236.53
3601,2612551.88
3602,3380227.06
3603,28490690.69
3604,8682055.14
3605,62353879.93
3606,7798741.08
3607,126099390.1
3608,205731358.85
3609,14847516.15
3610,42347120.56
3611,834168.34
3612,26182542.06
3613,12720600.54
3614,154983159.99
3615,61342848.79
3616,35309060.94
3617,18876380.88
3618,110681054.03
3619,3183620.92
3620,139625922.89
3621,283577508.39
3622,507127008.91
3623,88715529.12
3624,5883207.97
3625,1723347.85
3626,30062371.94
3627,94789061.78
3628,518826680.33
3629,15361073.27
3630,2614063.65
3631,148073634.07
3632,21075593.22
3633,68368588.05
3634,2339200.74
3635,7724800.39
3636,38425312.1
3637,1123562.26
3638,31904505.7
3639,104645007.74
3640,316566798.92
3641,5350397.5
3642,13617029.17
3643,40231549.12
3644,25077916.37
3645,30027525.04
3646,22324502.43
3647,55640323.13
3648,5122232.55
3649,34626526.33
3650,42131784.13
3651,601887674.38
3652,26941125.32
3653,237634344.44
3654,14383550.45
3655,23801253.22
3656,92579973.76
3657,1258692.92
3658,9698648.31
3659,134312048.69
3660,291071610.84
3661,12030508.6
3662,40461138.59
3663,389226687.31
3664,4511636.0
3665,2639219.5
3666,19257793.88
3667,180009278.42
3668,34629447.36
3669,8323497.22
3670,64113479.08
3671,33202875.94
3672,14048249.07
3673,171423502.57
3674,42643899.44
3675,347728675.37
3676,215978447.19
3677,43607980.08
3678,27227088.12
3679,26175612.41
3680,9233007.36
3681,28307222.76
3682,94312783.18
3683,10847096.29
3684,74023480.53
3685,99521543.55
3686,44844890.64
3687,127574474.4
3688,11541446.71
3689,1037040.76
3690,76316097.24
3691,17047175.69
3692,1149221.9
3693,122436981.09
3694,129792243.46
3695,101173106.64
3696,44597844.26
3697,38702528.11
3698,62568432.67
3699,8574058.33
3700,36306322.89
3701,49915595.05
3702,711458.13
3703,105203100.43
3704,79148183.51
3705,9052686.82
3706,82315596.28
3707,5389495.4
3708,20591181.01
3709,240060681.22
3710,36846228.34
3711,9912419.3
3712,81500498.88
3713,40173436.33
3714,9727959.58
3715,17700904.27
3716,6634332.71
3717,2586877.89
3718,10780554.93
3719,44958087.75
3720,24384876.48
3721,5436331.57
3722,54845645.97
3723,4621623.8
3724,17217241.56
3725,47611390.11
3726,16991917.28
3727,99409743.76
3728,207801810.58
3729,19088673.16
3730,124108948.03
3731,120399936.67
3732,2161261.13
3733,364728019.13
3734,361715176.25
3735,46844381.62
3736,16003635.59
3737,20801946.33
3738,946070.29
3739,16266273.71
3740,28120160.97
3741,13232556.47
3742,101550980.04
3743,51670192.68
3744,171802962.91
3745,42632562.12
3746,166543599.39
3747,11671763.68
3748,15312469.01
3749,10987233.23
3750,3057530.42
3751,15956353.63
3752,5417648.85
3753,6389445.88
3754,51874585.73
3755,116031219.23
3756,27075858.84
3757,419383162.27
3758,130262611.71
3759,10465701.96
3760,245170037.6
3761,77877705.5
3762,350151760.51
3763,20771334.05
3764,52559618.45
3765,12703795.42
3766,15222585.63
3767,48959122.12
3768,7158413.62
3769,4434681.59
3770,22243235.12
3771,45501658.57
3772,28973064.39
3773,44780511.1
3774,28272511.92
3775,175519219.58
3776,71096312.55
3777,8472415.45
3778,807309.11
3779,38776042.24
3780,1797295.9
3781,29883495.55
3782,1012853.68
3783,25291435.48
3784,22638681.72
3785,432510454.7
3786,28893739.71
3787,168994730.78
3788,680310551.79
3789,23180093.66
3790,6778796.41
3791,18529239.8
3792,900950.86
3793,2076721.34
3794,6600159.86
3795,638437574.36
3796,30954806.98
3797,15147079.93
3798,42770773.44
3799,14642500.29
3800,4545031.86
3801,124411129.29
3802,3725623.33
3803,21212869.8
3804,396395.07
3805,5707355.6
3806,82137481.21
3807,12857416.4
3808,5011948.5
3809,41592562.79
3810,3546559.18
3811,29108321.66
3812,5982577.96
3813,4034317.71
3814,9467721.16
3815,115921153.79
3816,118710203.37
3817,223067453.58
3818,104575947.47
3819,40507932.48
3820,90448467.36
3821,122036709.54
3822,14926170.71
3823,15364408.92
3824,27149171.7
3825,19022998.91
3826,88414690.61
3827,88238943.7
3828,15946822.07
3829,1135839.33
3830,53848902.91
3831,2176897.95
3832,196406750.8
3833,47596614.26
3834,10991838.21
3835,15368838.94
3836,4467426.63
3837,45670875.33
3838,98262511.57
3839,9252026.39
3840,40580644.86
3841,18289148.55
3842,21171587.45
3843,37592416.39
3844,2654903.87
3845,1458069.27
3846,8449138.05
3847,3268578.23
3848,9408520.51
3849,97527954.52
3850,30148729.59
3851,73829173.2
3852,8517824.79
3853,152434072.09
3854,4212907.19
3855,3127538.91
3856,24818438.06
3857,644687122.52
3858,2566529.54
3859,12441299.62
3860,32290255.81
3861,51229936.88
3862,19394180.62
3863,65906892.46
3864,167329478.66
3865,118499613.13
3866,13768626.66
3867,105358649.19
3868,8696068.09
3869,91856173.61
3870,96843917.95
3871,674124712.54
3872,35846045.78
3873,43423325.2
3874,4676101.27
3875,74349130.7
3876,3031672.54
3877,61608990.04
3878,171264283.92
3879,394105481.57
3880,15193308.95
3881,2882094.45
3882,12052601.47
3883,8901834.16
3884,317110945.62
3885,18740449.16
3886,36190720.31
3887,20570471.05
3888,3931882.36
3889,23750895.85
3890,182198647.2
3891,10012047.34
3892,9086300.64
3893,564114870.22
3894,98653134.73
3895,60893852.2
3896,53749122.42
3897,15286302.33
3898,31396095.88
3899,760051051.48
3900,125627099.48
3901,12385970.67
3902,2760035.22
3903,24627138.78
3904,13201391.92
3905,31208828.13
3906,112006964.75
3907,7877580.98
3908,14191114.71
3909,2043848.59
3910,25678890.02
3911,5815562.2
3912,25035979.77
3913,122510787.46
3914,49964072.36
3915,346656653.8
3916,2962055.62
3917,18508023.32
3918,9655696.41
3919,90519486.38
3920,59130845.89
3921,2852040.3
3922,18385701.55
3923,48142504.79
3924,56807920.37
3925,203715766.81
3926,10184416.61
3927,67872036.77
3928,91850102.33
3929,59708938.83
3930,7258751.4
3931,19675969.84
3932,12461492.22
3933,32642621.22
3934,73690484.11
3935,385039.21
3936,4668432.6
3937,165153226.75
3938,11086147.52
3939,60464663.01
3940,9697199.37
3941,50145932.6
3942,346574251.09
3943,773632270.48
3944,21988734.63
3945,114588304.14
3946,5382453.78
3947,86494858.23
3948,15278973.27
3949,3237991.85
3950,7658727.22
3951,18802856.35
3952,67951615.66
3953,76318729.7
3954,467652373.5
3955,13061991.61
3956,120908427.26
3957,16392778.54
3958,6092528.24
3959,19201677.07
3960,3773232.25
3961,65917877.59
3962,5304022.43
3963,30731567.19
3964,766468305.23
3965,115547238.15
3966,36448068.41
3967,350933912.64
3968,41510995.76
3969,10582005.14
3970,40602582.49
3971,25645232.62
3972,21054202.75
3973,48694986.67
3974,5105494.48
3975,168168011.93
3976,119621991.24
3977,134260790.62
3978,297198609.59
3979,10969242.33
3980,5464762.56
3981,4217316.95
3982,17209345.33
3983,28469829.06
3984,154528681.37
3985,10852737.68
3986,881016849.91
3987,26582466.38
3988,8447061.27
3989,37740636.79
3990,36668627.96
3991,3710342.84
3992,2612721.85
3993,14429196.03
3994,63906438.95
3995,45741030.86
3996,130556606.34
3997,26295769.94
3998,132936317.21
3999,18137991.9
4000,50384606.06
4001,13541835.03
4002,295162885.09
4003,2024882.99
4004,81373489.26
4005,499969.78
4006,86982796.94
4007,2154035.54
4008,8735155.31
4009,26392861.41
4010,828313.6
4011,28620180.54
4012,173483757.92
4013,102777872.53
4014,4504706.81
4015,71142272.35
4016,43236172.29
4017,23548333.09
4018,64384863.07
4019,247095389.28
4020,8832554.9
4021,94565074.27
4022,16073333.35
4023,185090937.43
4024,70427124.8
4025,4929289.9
4026,144941516.66
4027,93384917.67
4028,5117967.33
4029,2164137.08
4030,36282862.76
4031,86859269.76
4032,6304017.55
4033,6269493.16
4034,5391841.48
4035,96728964.78
4036,2576078.39
4037,22341774.09
4038,17735501.93
4039,21047620.06
4040,11091818.02
4041,4049424.25
4042,57626386.14
4043,7869315.16
4044,111616414.51
4045,192590188.74
4046,26190188.49
4047,613472912.08
4048,23183499.45
4049,454623.29
4050,5401240.45
4051,632846595.46
4052,35036683.5
4053,8433152.16
4054,1342791.28
4055,31869820.93
4056,17538456.6
4057,517279.46
4058,63893573.75
4059,7097519.38
4060,62624448.67
4061,184829689.81
4062,53185656.59
4063,26653494.18
4064,675454812.5
4065,122957177.18
4066,13221280.89
4067,36760933.83
4068,11746593.34
4069,30854294.6
4070,61629419.36
4071,19732143.5
4072,14733213.19
4073,192353323.81
4074,549900.44
4075,22129460.87
4076,89881495.74
4077,263004913.73
4078,18723860.2
4079,82394176.61
4080,8757035.61
4081,15457657.44
4082,172590358.94
4083,100355033.82
4084,5949510.14
4085,64171376.1
4086,217019774.04
4087,7629682.4
4088,35200190.21
4089,25068321.78
4090,11901751.66
4091,83263890.54
4092,61555330.78
4093,40106659.86
4094,23658811.95
4095,194889650.23
4096,14022018.12
4097,86998007.55
4098,20910930.29
4099,10701160.33
4100,61224218.59
4101,66024735.45
4102,7277280.42
4103,74768229.35
4104,8380004.66
4105,1508903.88
4106,18469825.5
4107,694811.19
4108,36043396.19
4109,2673040.37
4110,26178673.37
4111,6294858.54
4112,54322081.57
4113,9486099.94
4114,235460095.41
4115,8239120.15
4116,51643291.75
4117,9084667.99
4118,38410430.76
4119,41441995.75
4120,6996784.17
4121,11066175.09
4122,108879781.07
4123,13618119.25
4124,116796313.03
4125,25007725.79
4126,21827733.7
4127,12478575.83
4128,20616201.56
4129,3684076.88
4130,14359438.81
4131,101009035.04
4132,130107385.09
4133,36320466.16
4134,20757612.8
4135,23188372.34
4136,611509992.17
4137,8303570.82
4138,51103239.36
4139,21166068.57
4140,5701660.16
4141,31292858.46
4142,78086795.75
4143,92709022.0
4144,5368729.62
4145,65988973.74
4146,24907182.1
4147,10049620.38
4148,25734608.84
4149,10831108.72
4150,5259852.91
4151,6253637.2
4152,76390009.69
4153,66241171.45
4154,5756108.47
4155,25349705.13
4156,3746711.98
4157,2780874.2
4158,31710473.93
4159,73775420.65
4160,438208608.72
4161,38574976.07
4162,24409760.55
4163,132251789.03
4164,23573831.82
4165,10499748.69
4166,9793763.59
4167,104599232.27
4168,9445117.51
4169,12366963.57
4170,30416722.56
4171,230253546.56
4172,105318156.85
4173,13305760.65
4174,7152695.5
4175,4457783.61
4176,23789570.21
4177,866746.26
4178,422187662.4
4179,4478991.55
4180,107196409.73
4181,40231751.17
4182,12753856.33
4183,112924606.55
4184,35299234.54
4185,6144831.62
4186,9812089.59
4187,32745242.25
4188,15007934.28
4189,6758150.38
4190,5890277.31
4191,7594091.5
4192,1367497.78
4193,277247671.09
4194,132353329.17
4195,21396174.01
4196,8397186.52
4197,32376644.96
4198,9934398.99
4199,14350083.7
4200,86660945.39
4201,65177947.07
4202,110637233.84
4203,25711544.11
4204,64572272.4
4205,20757336.45
4206,22563276.02
4207,396815921.79
4208,473122130.71
4209,63558796.26
4210,99037445.56
4211,49669103.92
4212,304505637.77
4213,4908300.08
4214,29535901.04
4215,7883252.1
4216,5542135.37
4217,4678115.17
4218,67870814.21
4219,23441010.12
4220,26002371.06
4221,1421818.15
4222,1794004.86
4223,100269733.09
4224,6045087.2
4225,59010313.85
4226,35640197.59
4227,54993621.79
4228,1311531.82
4229,92948742.23
4230,44793708.37
4231,21674704.52
4232,25544593.11
4233,85969864.91
4234,30440643.17
4235,11401911.86
4236,10684970.09
4237,45116805.55
4238,65531894.49
4239,211157960.68
4240,319147525.27
4241,238922340.75
4242,39522727.11
4243,3483063.85
4244,45995671.91
4245,7124637.89
4246,8696553.16
4247,45794727.54
4248,11280358.85
4249,26002887.17
4250,38876766.98
4251,17214764.55
4252,119682366.07
4253,66699879.03
4254,93565072.88
4255,42914526.52
4256,248969860.52
4257,107621931.93
4258,68277827.06
4259,4959547.49
4260,319407375.65
4261,15324412.66
4262,2543416.15
4263,6944189.38
4264,469469589.3
4265,16080026.33
4266,30815694.97
4267,13222808.2
4268,21927565.45
4269,19928193.97
4270,469520615.44
4271,38200966.34
4272,1362092.52
4273,31588528.66
4274,53665273.33
4275,8677743.04
4276,34577808.29
4277,149517194.59
4278,43132201.27
4279,92358089.91
4280,2633249.48
4281,7474559.81
4282,53853210.97
4283,1432255.72
4284,8442392.05
4285,1566118.82
4286,399867835.04
4287,31109590.7
4288,69652527.76
4289,140829702.09
4290,49016181.58
4291,9108432.49
4292,13146472.03
4293,37296890.87
4294,141122433.17
4295,162371504.48
4296,81297404.11
4297,76100528.36
4298,7304319.38
4299,9146423.87
4300,43102576.26
4301,20517549.61
4302,13479309.39
4303,20784625.77
4304,53807199.71
4305,52821228.12
4306,52872286.85
4307,1105360.07
4308,1144426.12
4309,58918882.89
4310,5410995.15
4311,3638260.52
4312,62141360.08
4313,235490865.46
4314,11617548.16
4315,240394474.26
4316,400013811.48
4317,10061609.54
4318,50452443.83
4319,616367.25
4320,25343395.94
4321,67328163.25
4322,24568383.59
4323,20042456.86
4324,12397790.49
4325,12912407.49
4326,12532834.82
4327,73546207.05
4328,10810170.5
4329,658495.38
4330,899875399.26
4331,64592426.33
4332,70263857.2
4333,4257865.94
4334,77779532.84
4335,95316658.83
4336,70430062.64
4337,1360051.17
4338,218627487.39
4339,100899672.12
4340,24960490.95
4341,21333062.18
4342,49413364.16
4343,36166940.88
4344,12077407.76
4345,13008918.75
4346,70625394.05
4347,116044890.48
4348,2518828.64
4349,223678825.25
4350,4890634.33
4351,256299459.01
4352,8202141.48
4353,120617094.74
4354,31816613.07
4355,25052066.63
4356,7354631.9
4357,104673890.96
4358,15958106.03
4359,126605677.18
4360,72901522.49
4361,74416335.35
4362,15501003.29
4363,75939718.83
4364,64105464.84
4365,5750279.04
4366,35476055.47
4367,33487707.25
4368,89200817.09
4369,29326385.13
4370,110538204.63
4371,178241829.31
4372,39149393.7
4373,23452063.38
4374,50938719.33
4375,5220829.18
4376,2008674.27
4377,25022702.95
4378,69509392.54
4379,135279230.15
4380,73141811.74
4381,87115440.67
4382,537979576.13
4383,196734340.69
4384,48125376.15
4385,1896250.43
4386,177427039.19
4387,103801761.35
4388,103685595.53
4389,274263945.73
4390,9077238.8
4391,10039370.88
4392,126399462.86
4393,146383197.94
4394,44818787.1
4395,19555381.53
4396,73092538.75
4397,20374766.83
4398,148418077.61
4399,11354919.23
4400,31756719.33
4401,37864448.84
4402,15777674.2
4403,25391765.13
4404,100554661.23
4405,36309044.12
4406,3582292.71
4407,6038332.59
4408,7048108.24
4409,5638499.08
4410,18458002.71
4411,12542047.27
4412,76894902.07
4413,93242766.22
4414,1394149.34
4415,29284216.71
4416,2820823.25
4417,221686214.4
4418,5424346.23
4419,62410296.98
4420,498930854.0
4421,4725118.94
4422,9841170.18
4423,10710298.0
4424,1548938.56
4425,36423248.11
4426,130768305.62
4427,141010692.58
4428,8079022.02
4429,4130517.69
4430,6944892.25
4431,843658.97
4432,176184814.47
4433,338510957.52
4434,541099278.68
4435,27466387.66
4436,99690015.23
4437,5334760.27
4438,12559346.89
4439,17768343.75
4440,3394401.33
4441,58093460.87
4442,4389003.76
4443,1158218.43
4444,6141006.2
4445,15688898.63
4446,1790923.93
4447,132301950.13
4448,93530893.06
4449,12018615.72
4450,145701574.65
4451,504190720.45
4452,30632988.66
4453,3394439.3
4454,5194534.77
4455,11811256.67
4456,92605912.47
4457,31019967.96
4458,41298427.01
4459,70898755.66
4460,23838191.22
4461,81086117.16
4462,86560173.94
4463,8239510.88
4464,94306991.8
4465,19591967.38
4466,3621733.78
4467,36643651.91
4468,7522320.79
4469,71163435.82
4470,33652352.88
4471,10617763.59
4472,171065554.18
4473,28170869.66
4474,29647318.63
4475,7202619.2
4476,2882827.23
4477,72215495.81
4478,13789690.67
4479,3482264.4
4480,70953148.64
4481,19857947.92
4482,27307822.47
4483,10815716.82
4484,8519264.16
4485,72228013.98
4486,68339075.27
4487,33933478.15
4488,80956297.24
4489,35056270.92
4490,3074253.82
4491,133298171.25
4492,16146119.26
4493,7231942.43
4494,36027718.64
4495,30483254.17
4496,63885325.48
4497,8350672.58
4498,35928737.07
4499,5849073.96
4500,213256336.71
4501,122377943.09
4502,14395746.95
4503,372871247.02
4504,8348744.1
4505,11940053.71
4506,76650888.08
4507,2518061.05
4508,5963420.12
4509,7825452.87
4510,11142274.94
4511,176306794.32
4512,1710058.0
4513,79080972.67
4514,15941252.75
4515,237004620.14
4516,15488888.98
4517,9162086.45
4518,244782258.47
4519,112445076.51
4520,29763098.95
4521,47344288.72
4522,57967357.12
4523,22602884.41
4524,13477508.06
4525,17698434.48
4526,1843737.34
4527,42772730.52
4528,9171623.01
4529,4329810.49
4530,21072323.62
4531,18930991.17
4532,22183512.42
4533,47019950.16
4534,8092192.38
4535,116708089.32
4536,28835962.8
4537,19725508.87
4538,41215393.54
4539,6177958.17
4540,120943097.64
4541,23047306.23
4542,89501488.7
4543,105726049.63
4544,7516243.93
4545,3520824.03
4546,4334369.01
4547,15627294.75
4548,17052550.27
4549,3448822.15
4550,13041571.14
4551,761285826.91
4552,194245847.41
4553,21315679.08
4554,436440234.04
4555,1868240.79
4556,57625964.93
4557,28896074.73
4558,18747979.18
4559,69776283.87
4560,95193790.03
4561,62082329.34
4562,12975836.65
4563,270205522.94
4564,3090586.26
4565,1554147.74
4566,47867809.76
4567,81125979.61
4568,16580982.42
4569,26457616.62
4570,30332504.2
4571,10906384.96
4572,33233501.97
4573,43405165.75
4574,1167094.5
4575,2968066.08
4576,27110393.83
4577,22154620.65
4578,31217835.16
4579,4443001.51
4580,119594476.74
4581,7758878.28
4582,106771666.26
4583,276486064.74
4584,4616155.31
4585,144497948.53
4586,19484143.8
4587,8827144.44
4588,170411440.85
4589,15370862.37
4590,1116328391.14
4591,88572330.08
4592,7887118.13
4593,1562924.7
4594,31067652.97
4595,553444157.04
4596,546841551.75
4597,22894725.06
4598,149080556.61
4599,22976979.59
4600,11991504.96
4601,65682326.63
4602,38804568.56
4603,32120949.93
4604,40335967.57
4605,276055789.66
4606,145918587.99
4607,47613551.05
4608,10343206.61
4609,26211525.54
4610,208975843.81
4611,153191081.0
4612,36172698.52
4613,29402215.5
4614,23333883.35
4615,27667284.17
4616,2496263.82
4617,60800761.9
4618,1390598.42
4619,20434784.85
4620,3058917.13
4621,282182185.27
4622,45768684.05
4623,48097388.22
4624,5504699.52
4625,15908216.11
4626,14040197.15
4627,17592189.2
4628,13720284.99
4629,5678791.69
4630,19441184.83
4631,7076017.73
4632,8463689.17
4633,5556337.86
4634,2755583.87
4635,2426997.09
4636,91685388.17
4637,6077429.24
4638,20877665.98
4639,1356651.44
4640,59344131.68
4641,14415944.8
4642,18014107.83
4643,59531143.43
4644,3461055.36
4645,14058354.56
4646,885908998.95
4647,13975278.85
4648,12903494.79
4649,105181505.63
4650,164001083.82
4651,91750016.49
4652,414535273.85
4653,2637873.02
4654,96680494.24
4655,81965071.11
4656,14641220.08
4657,36161781.4
4658,51033032.66
4659,11116973.62
4660,9789070.02
4661,32263326.05
4662,12454760.45
4663,32617552.48
4664,12091307.12
4665,39331362.52
4666,36969125.51
4667,341724960.63
4668,4153927.08
4669,25911695.62
4670,69574040.59
4671,22350346.57
4672,950782.21
4673,15729987.61
4674,11355569.37
4675,9718160.47
4676,11232091.87
4677,293042.97
4678,16863650.45
4679,5192999.99
4680,6885861.94
4681,24863441.21
4682,19069752.88
4683,5599388.01
4684,2011532.88
4685,41674247.28
4686,9153901.97
4687,10663851.28
4688,106902090.72
4689,17400562.55
4690,40128559.82
4691,19995302.36
4692,15829480.78
4693,17250953.75
4694,23025443.43
4695,48517194.62
4696,58686046.7
4697,111346011.43
4698,8742946.41
4699,13441898.87
4700,151302194.86
4701,180246084.4
4702,13291035.95
4703,52846367.88
4704,117927084.95
4705,67886189.4
4706,123545557.47
4707,10728245.56
4708,50356066.11
4709,1246528.35
4710,240345768.23
4711,13701131.48
4712,2869918.29
4713,359720825.3
4714,10539263.15
4715,974154.72
4716,5860011.55
4717,28286879.86
4718,18833044.47
4719,117079790.25
4720,14191040.66
4721,12366544.89
4722,131419346.73
4723,10117575.23
4724,163727213.04
4725,11771301.87
4726,13686063.67
4727,26493091.14
4728,35529790.18
4729,93887076.09
4730,6490085.78
4731,70405574.99
4732,417276750.76
4733,5845293.31
4734,295204895.99
4735,43486928.07
4736,29132449.58
4737,64336515.44
4738,5679163.24
4739,98994274.81
4740,549863425.41
4741,2900698.05
4742,143832833.95
4743,749139.72
4744,1457451.99
4745,501940638.13
4746,44385185.74
4747,31180168.85
4748,112055758.2
4749,10018200.41
4750,6233884.16
4751,83046155.71
4752,7183266.29
4753,18740473.75
4754,959529684.05
4755,25705315.78
4756,48677448.59
4757,138948008.25
4758,119626885.87
4759,361801600.79
4760,2808055.45
4761,18659083.75
4762,10336308.29
4763,1618628.32
4764,441710548.82
4765,15996132.16
4766,160333963.95
4767,42899234.76
4768,85843005.27
4769,68550518.33
4770,86360916.24
4771,134998704.72
4772,19052374.55
4773,23742462.02
4774,10355738.22
4775,1022029.15
4776,6956992.0
4777,299555402.05
4778,61607735.46
4779,35153725.93
4780,218717705.8
4781,4792405.48
4782,35594355.41
4783,15975990.96
4784,21873148.11
4785,66747781.46
4786,64327136.9
4787,94320538.67
4788,72603256.55
4789,15607789.04
4790,75466783.59
4791,7068885.94
4792,9984633.79
4793,54659180.9
4794,4831471.12
4795,4455887.7
4796,12151255.03
4797,869820767.64
4798,165433362.11
4799,31867899.76
4800,42377528.57
4801,12823749.44
4802,52920945.13
4803,6695069.13
4804,20121739.47
4805,2015143.41
4806,14969364.22
4807,17032921.4
4808,12920203.91
4809,90998259.15
4810,5612095.18
4811,16938046.26
4812,124199021.12
4813,90816798.71
4814,5320027.91
4815,61004945.03
4816,40042847.57
4817,11770025.75
4818,15417556.01
4819,11935250.72
4820,27921903.9
4821,3278407.38
4822,15798074.15
4823,21320409.67
4824,41765185.7
4825,60767813.76
4826,32512566.5
4827,66928559.17
4828,24471006.16
4829,40351611.99
4830,50692455.79
4831,46328628.45
4832,24569623.42
4833,20358635.12
4834,7740969.45
4835,107153161.18
4836,8155360.36
4837,248779190.73
4838,69347698.38
4839,375501.22
4840,583182329.4
4841,5365391.77
4842,111934713.84
4843,142253334.06
4844,5187042.13
4845,38217149.97
4846,7609730.83
4847,480110403.38
4848,55069788.85
4849,313311078.35
4850,30077345.0
4851,842683.29
4852,23901083.02
4853,70703685.96
4854,15761810.47
4855,71363066.17
4856,15487434.97
4857,56454580.35
4858,39520235.66
4859,8406724.42
4860,366416173.74
4861,119924318.82
4862,211323588.06
4863,194341898.82
4864,75201221.5
4865,26425381.82
4866,13387311.33
4867,100284041.1
4868,27190733.08
4869,5231286.58
4870,49845139.0
4871,30283663.91
4872,9295874.59
4873,26664335.32
4874,102076799.81
4875,26766632.56
4876,49424113.45
4877,56260330.22
4878,19655433.64
4879,45499570.86
4880,16378411.61
4881,12917800.02
4882,24936137.84
4883,54051965.71
4884,99737309.19
4885,11350565.88
4886,23218685.05
4887,13058293.88
4888,6450286.49
4889,11538729.95
4890,285668173.96
4891,631090.03
4892,10843856.86
4893,113098393.57
4894,5003267.16
4895,7579575.18
4896,120053908.93
4897,5344964.04
4898,145316687.95
4899,127489352.3
4900,209952459.7
4901,42145730.93
4902,8855562.77
4903,3646932.81
4904,201006554.18
4905,19127021.33
4906,2017964.42
4907,880512756.5
4908,46286599.08
4909,113752719.52
4910,71235630.49
4911,23917608.14
4912,118274016.08
4913,33859167.39
4914,96336258.04
4915,87099453.51
4916,35302529.63
4917,18972679.68
4918,148395015.66
4919,36967229.59
4920,75565064.02
4921,122584304.48
4922,24869887.79
4923,10765954.93
4924,115763823.72
4925,116211057.5
4926,3706001.71
4927,23261617.39
4928,47166224.41
4929,16218162.01
4930,18444656.02
4931,8779124.0
4932,6535967.29
4933,172966219.36
4934,5894173.71
4935,481083962.84
4936,17471870.78
4937,1327686.58
4938,18975615.04
4939,3210190.58
4940,5820262.69
4941,43871878.57
4942,6176642.78
4943,94605452.1
4944,73187938.79
4945,7574192.3
4946,6294742.35
4947,5505672.0
4948,11148602.05
4949,44460261.32
4950,78651512.15
4951,30901016.42
4952,24519341.29
4953,133978898.81
4954,43058737.14
4955,4344911.97
4956,7408535.58
4957,83854436.19
4958,12323153.28
4959,52483975.34
4960,9917069.86
4961,120829633.58
4962,12535181.89
4963,73377623.22
4964,62874453.78
4965,7112768.2
4966,7580214.63
4967,58798212.09
4968,22897526.94
4969,1106905.36
4970,2313609.84
4971,120480483.99
4972,16129713.01
4973,18261166.47
4974,102588894.72
4975,9115997.76
4976,1483439.19
4977,89753795.43
4978,6335613.12
4979,9371894.58
4980,36495798.07
4981,8743299.04
4982,90651789.18
4983,2714239.95
4984,61000903.54
4985,326059656.5
4986,6508214.16
4987,3087262.73
4988,5475415.66
4989,69993162.7
4990,3034368.77
4991,14479241.6
4992,211324463.96
4993,7035338.75
4994,90386197.26
4995,4140461.33
4996,34890979.78
4997,100973597.64
4998,28612885.81
4999,96625474.45
5000,137051237.15
5001,387000749.96
5002,244101193.07
5003,113077769.31
5004,25175520.89
5005,38695808.38
5006,321692399.18
5007,42638607.12
5008,452371436.13
5009,42937993.31
5010,18427160.21
5011,29431197.93
5012,66986421.13
5013,53698189.26
5014,63036999.22
5015,29071211.31
5016,192069399.44
5017,11323259.6
5018,41189191.13
5019,100245341.98
5020,16748782.67
5021,2474865.39
5022,32670702.39
5023,4518307.5
5024,98686846.55
5025,1677323.5
5026,123619637.18
5027,34309126.93
5028,76027134.79
5029,76578957.02
5030,39015760.52
5031,4286373.69
5032,126457951.8
5033,14630053.28
5034,11925875.63
5035,2051378.26
5036,18244571.66
5037,45194614.46
5038,489948376.06
5039,7774109.09
5040,72218961.26
5041,51043609.52
5042,25838717.21
5043,41940187.77
5044,388143835.17
5045,20629351.83
5046,13454878.17
5047,13321299.76
5048,3079805.52
5049,78454708.63
5050,5605910.62
5051,266726693.23
5052,206713398.56
5053,44338796.34
5054,32479272.47
5055,30037217.08
5056,33287172.17
5057,28432736.2
5058,19000530.12
5059,38769291.38
5060,145133059.78
5061,54875935.68
5062,1695935.14
5063,960845.88
5064,63020461.02
5065,8507221.14
5066,15970602.69
5067,47000028.23
5068,21235909.72
5069,122503281.32
5070,43625735.68
5071,97139694.11
5072,139560146.77
5073,6363535.13
5074,19188814.67
5075,5633341.04
5076,36936198.54
5077,118651161.4
5078,11481083.74
5079,7105259.14
5080,83843317.95
5081,97995507.13
5082,17686094.66
5083,5511347.51
5084,11704587.66
5085,1596904.94
5086,13395788.08
5087,15494947.38
5088,4079816.82
5089,10668904.3
5090,17062049.54
5091,29993098.62
5092,43800523.13
5093,55225379.05
5094,79243859.06
5095,126238544.56
5096,38182087.37
5097,7002068.83
5098,8254041.26
5099,5064702.13
5100,3553814.01
5101,2351555.87
5102,23019515.06
5103,3880683.81
5104,52625167.94
5105,9081591.57
5106,7792694.04
5107,14408787.96
5108,23270756.11
5109,1382872.48
5110,78851240.18
5111,93141947.05
5112,20733291.03
5113,931976.21
5114,12485044.41
5115,7984812.82
5116,10428663.21
5117,272833061.31
5118,26619817.41
5119,6423989.62
5120,677609.82
5121,87730766.11
5122,32252963.83
5123,28010782.41
5124,18286798.38
5125,26150050.71
5126,30803447.71
5127,92993069.04
5128,1084578.42
5129,1547315.39
5130,32255759.69
5131,66763059.14
5132,47422355.11
5133,172691715.48
5134,144368197.96
5135,208540213.3
5136,6421190.66
5137,72911392.37
5138,14415869.06
5139,201081315.41
5140,186331315.52
5141,70837110.07
5142,147656963.75
5143,104330711.52
5144,70046778.45
5145,50981072.12
5146,14854587.67
5147,15424733.0
5148,35718112.05
5149,7521963.69
5150,604155653.41
5151,335109446.22
5152,73795189.94
5153,6051187.69
5154,42169035.89
5155,9579176.71
5156,674135226.91
5157,27346097.99
5158,14881051.96
5159,84563386.88
5160,21456680.64
5161,19289733.98
5162,139572914.52
5163,198316361.5
5164,4818422.06
5165,91364446.02
5166,163451282.13
5167,23745526.08
5168,16235759.09
5169,33205000.73
5170,64332818.26
5171,111321514.21
5172,14048981.48
5173,85575942.7
5174,95798614.88
5175,16460331.35
5176,9394056.46
5177,218216213.72
5178,709572018.31
5179,2394955.48
5180,19119117.38
5181,1155170.04
5182,37703861.21
5183,1941000.99
5184,63701537.91
5185,10279533.06
5186,13683391.91
5187,6720544.55
5188,7822464.36
5189,21568120.92
5190,166964588.26
5191,54577072.66
5192,201212766.89
5193,82673473.75
5194,55638534.15
5195,184001365.63
5196,97015173.93
5197,129550138.48
5198,78069444.89
5199,22269206.06
5200,11998453.04
5201,26647356.92
5202,8045307.33
5203,6268247.02
5204,6721162.41
5205,8612925.39
5206,27268682.5
5207,7868326.73
5208,83281414.62
5209,145629763.86
5210,27270858.19
5211,14673649.33
5212,22903770.97
5213,86992904.65
5214,1122807.48
5215,18110721.48
5216,104387778.42
5217,3573672.06
5218,13486476.2
5219,57658529.5
5220,86725344.25
5221,2148792.99
5222,14674601.18
5223,162021141.56
5224,1530747.79
5225,3654747.65
5226,49539435.03
5227,5117002.04
5228,31287593.14
5229,150824813.52
5230,15324542.73
5231,26752019.2
5232,3654643.11
5233,3887564.95
5234,89940683.54
5235,61330358.05
5236,173496180.96
5237,133160501.03
5238,28093621.69
5239,50021588.72
5240,162100447.26
5241,38562291.62
5242,40042097.15
5243,3671392.73
5244,96009008.02
5245,6741270.26
5246,22915317.59
5247,77524373.01
5248,4187798.83
5249,87778175.56
5250,185046156.52
5251,19952090.83
5252,753811.37
5253,9386556.54
5254,3158924.66
5255,110101738.74
5256,33504124.96
5257,4990355.69
5258,6290901.84
5259,89196369.78
5260,13281662.69
5261,54310333.42
5262,10222988.43
5263,32188961.01
5264,7269977.8
5265,22173556.06
5266,41219129.32
5267,4788826.33
5268,15503660.67
5269,119989184.01
5270,57713754.71
5271,20226624.11
5272,117115941.52
5273,2331780.76
5274,59761747.09
5275,32614754.48
5276,36473660.62
5277,7205422.55
5278,21461670.08
5279,8142967.69
5280,5090583.6
5281,17913459.47
5282,65091191.16
5283,12831783.67
5284,19185097.92
5285,97075306.45
5286,21480567.61
5287,5679875.02
5288,2039896.98
5289,126327993.66
5290,124660010.59
5291,539091528.09
5292,144473288.27
5293,158392703.62
5294,6287329.68
5295,617974887.72
5296,6741201.59
5297,101741309.67
5298,131542568.23
5299,5613342.35
5300,17566387.19
5301,14483002.99
5302,59038007.07
5303,8598800.32
5304,19401785.68
5305,5310590.24
5306,81924114.2
5307,404938251.09
5308,4912680.61
5309,2963323.26
5310,156365998.81
5311,11110617.43
5312,160260217.01
5313,550180344.8
5314,96148774.89
5315,2480482.21
5316,38106899.65
5317,21050525.33
5318,11834636.08
5319,51265462.5
5320,32753375.81
5321,45732182.83
5322,5227758.24
5323,149050727.08
5324,68614487.97
5325,12892527.36
5326,26938192.46
5327,98939146.9
5328,38682603.09
5329,5851719.06
5330,163884661.03
5331,28046275.46
5332,6194016.92
5333,61418527.68
5334,22594559.9
5335,15279921.24
5336,22337909.71
5337,7214575.07
5338,66665965.64
5339,23165477.84
5340,8101752.84
5341,156656004.43
5342,277656586.25
5343,48052680.32
5344,105670909.64
5345,2898629.34
5346,149154518.75
5347,9836332.27
5348,15426858.96
5349,13855501.94
5350,2814258.39
5351,151876496.92
5352,14308917.17
5353,44895755.24
5354,118557105.63
5355,76604502.4
5356,21415425.72
5357,5531581.6
5358,73906244.95
5359,31952477.93
5360,131173014.86
5361,12532655.29
5362,8559793.41
5363,31267002.16
5364,3743545.4
5365,75954625.28
5366,157286579.95
5367,125268413.32
5368,30901233.44
5369,572077577.56
5370,46856876.83
5371,70991235.78
5372,673112027.05
5373,33593585.9
5374,78361183.14
5375,134651069.73
5376,147409977.02
5377,10907414.08
5378,6948070.08
5379,43722222.89
5380,43550345.31
5381,120606183.54
5382,125077821.54
5383,2616172.81
5384,266756881.15
5385,103103505.07
5386,39041399.83
5387,8919445.28
5388,193029345.27
5389,28510843.08
5390,26841017.53
5391,68169765.92
5392,1333268.11
5393,12490521.07
5394,78250221.02
5395,40754211.25
5396,131823837.79
5397,5431632.19
5398,35945060.21
5399,1043894.98
5400,22134364.94
5401,149843458.49
5402,52410724.57
5403,50356104.59
5404,1821870.98
5405,61841337.65
5406,9054800.39
5407,240583374.61
5408,620961088.02
5409,110787390.48
5410,15825140.16
5411,26048319.65
5412,13081512.92
5413,3412168.85
5414,177435489.18
5415,97081764.68
5416,35481138.24
5417,114913700.06
5418,1395753.16
5419,4499956.41
5420,31640952.2
5421,119550470.33
5422,114829856.35
5423,194336960.19
5424,180531247.29
5425,28763114.46
5426,61539467.48
5427,2833760.21
5428,27951468.67
5429,99700887.67
5430,129018318.74
5431,40349312.95
5432,143913465.98
5433,41832086.27
5434,102572699.21
5435,21683186.48
5436,24612792.94
5437,57028863.23
5438,12557476.07
5439,2651444.08
5440,102489229.92
5441,11875020.75
5442,133057723.71
5443,111591859.73
5444,51786295.06
5445,37264726.97
5446,131012651.26
5447,14161732.8
5448,14936438.95
5449,126218416.67
5450,4957725.61
5451,54041056.16
5452,5753929.23
5453,366288855.27
5454,79515786.53
5455,17849829.75
5456,14272379.85
5457,41319643.72
5458,15745286.06
5459,15726227.8
5460,5111100.54
5461,2091859.98
5462,7005054.48
5463,607012835.83
5464,6811443.73
5465,29662803.67
5466,117958478.25
5467,67090100.08
5468,131533314.1
5469,9147862.49
5470,273289799.37
5471,118027135.19
5472,80899508.24
5473,24062015.34
5474,29418245.32
5475,28458913.45
5476,10590159.42
5477,17441189.99
5478,116628678.85
5479,141724076.97
5480,17077649.79
5481,4761425.45
5482,58004322.43
5483,36932512.63
5484,169245673.5
5485,13524776.78
5486,23489289.97
5487,655862774.21
5488,74456241.1
5489,29155167.85
5490,17634759.09
5491,68337060.23
5492,33776247.74
5493,16367147.87
5494,233554.52
5495,32763000.67
5496,65212143.31
5497,54698237.58
5498,12572397.96
5499,107304407.04
5500,27035827.64
5501,9405236.74
5502,8605558.58
5503,16235948.52
5504,43814235.89
5505,4252730.34
5506,403450646.18
5507,63775127.14
5508,150223707.15
5509,158932249.89
5510,24250375.97
5511,21982119.89
5512,81716322.73
5513,5144029.38
5514,23602063.03
5515,14978976.11
5516,7751277.08
5517,264952344.4
5518,28310939.61
5519,283586874.82
5520,5758926.77
5521,42904787.94
5522,3542889.4
5523,378601924.19
5524,675959746.66
5525,77899424.03
5526,10285771.02
5527,2059658.99
5528,66566375.88
5529,11002063.5
5530,357470031.37
5531,5952373.76
5532,36853054.14
5533,99926286.92
5534,429678126.39
5535,2524333.72
5536,3808135.66
5537,16546794.38
5538,23530133.63
5539,185777766.64
5540,29865097.19
5541,171052182.52
5542,7382882.2
5543,17904798.08
5544,104096901.56
5545,1939122.74
5546,16522658.71
5547,15480462.69
5548,22359017.84
5549,57742436.26
5550,38301474.93
5551,24898058.54
5552,99303819.61
5553,55597392.33
5554,8644004.03
5555,44127051.99
5556,18028338.58
5557,14696089.67
5558,559333460.75
5559,16111619.85
5560,1830487.58
5561,31408518.99
5562,102222790.58
5563,909761.42
5564,3829501.86
5565,38185428.17
5566,9137501.0
5567,48319119.0
5568,36672366.5
5569,58333318.85
5570,52547922.24
5571,102787518.56
5572,4109968.25
5573,130999990.29
5574,39700722.75
5575,213476328.83
5576,69212708.91
5577,47214341.27
5578,20433119.67
5579,12750180.94
5580,5017122.78
5581,37495215.4
5582,28661971.91
5583,75762994.99
5584,47122840.46
5585,16326587.62
5586,1563409.76
5587,25457169.16
5588,239031086.86
5589,116866822.83
5590,5400885.88
5591,19653169.29
5592,22592437.52
5593,29751114.83
5594,7987794.62
5595,38383424.02
5596,126960907.0
5597,13318844.14
5598,17333504.19
5599,17141317.34
5600,13852179.67
5601,38657014.32
5602,97835211.14
5603,1061959.72
5604,45975947.11
5605,266400575.86
5606,95773143.43
5607,74263185.52
5608,76792440.35
5609,14548632.96
5610,40660153.8
5611,61141121.0
5612,581499978.1
5613,60435731.21
5614,26345405.1
5615,79106093.66
5616,21910928.01
5617,231857009.72
5618,41456080.58
5619,76996720.52
5620,15363745.79
5621,63718807.01
5622,64487285.72
5623,32069947.64
5624,522181114.18
5625,5004370.46
5626,7185211.85
5627,91552803.0
5628,31254609.67
5629,332570272.55
5630,50393020.83
5631,77927703.94
5632,141880789.04
5633,25407582.6
5634,17819382.92
5635,119528238.38
5636,4362194.5
5637,11761458.49
5638,130852764.18
5639,7955862.69
5640,15249168.73
5641,65336360.81
5642,16504440.44
5643,9112813.93
5644,577362763.19
5645,149672588.45
5646,26475656.41
5647,8848413.13
5648,93478027.8
5649,3415036.17
5650,147150214.8
5651,24255784.66
5652,10505512.86
5653,107430234.44
5654,50529571.75
5655,52082701.89
5656,547551810.56
5657,1459982.58
5658,28425781.83
5659,71694730.51
5660,81032376.58
5661,6329167.36
5662,345674548.18
5663,13037281.17
5664,14081203.84
5665,86520767.8
5666,16139318.37
5667,45382377.16
5668,10114293.4
5669,9909338.96
5670,606051387.85
5671,54707813.51
5672,3567152.0
5673,102109965.31
5674,12834695.94
5675,956539.71
5676,1364939.17
5677,90546371.87
5678,85934424.01
5679,8056490.68
5680,51267580.09
5681,944287713.09
5682,3525357.23
5683,453421187.88
5684,110211658.0
5685,96449859.93
5686,6082900.65
5687,91221215.45
5688,40873907.9
5689,33113804.69
5690,9005235.87
5691,94144580.26
5692,396438902.88
5693,90343980.69
5694,68433417.5
5695,19768685.31
5696,40980206.39
5697,2212214.18
5698,14762716.17
5699,12201401.64
5700,75805341.17
5701,22407364.79
5702,25916488.94
5703,67446842.11
5704,65164276.93
5705,18856726.07
5706,3087158.89
5707,59397092.7
5708,13913628.75
5709,55300243.24
5710,6580035.48
5711,21380702.2
5712,128254656.93
5713,17030337.19
5714,28894128.47
5715,11588227.77
5716,2225697.98
5717,19879143.12
5718,19889554.2
5719,71559619.34
5720,21692604.27
5721,125102706.11
5722,7150029.27
5723,130106423.09
5724,1908198.51
5725,2690627.11
5726,118039825.69
5727,132334528.33
5728,13370910.03
5729,179461923.23
5730,9121768.27
5731,565522.34
5732,7494834.7
5733,5650936.33
5734,30832355.37
5735,6942836.79
5736,31221017.28
5737,40611268.69
5738,78916216.93
5739,26317969.84
5740,58005058.02
5741,101898914.35
5742,70884335.96
5743,29421516.17
5744,3040001.56
5745,19304906.7
5746,20500632.69
5747,6847975.82
5748,103670023.5
5749,106152389.73
5750,86099472.71
5751,68115982.95
5752,8999365.6
5753,307286334.54
5754,26768206.65
5755,111581125.3
5756,22081450.51
5757,14557946.19
5758,1039689.96
5759,27907291.19
5760,6169363.62
5761,3172676.64
5762,350954846.69
5763,81203248.52
5764,32367540.1
5765,61952011.53
5766,45865753.07
5767,48699125.25
5768,64872542.29
5769,350132973.81
5770,7961003.53
5771,26103723.13
5772,87269234.22
5773,376465818.66
5774,79599275.18
5775,102264307.89
5776,5145227.86
5777,245770601.87
5778,115973685.47
5779,203489536.14
5780,7965053.03
5781,121268163.51
5782,70121080.39
5783,163959187.23
5784,4769142.37
5785,133101882.91
5786,24425481.69
5787,181733326.69
5788,5013534.47
5789,53316260.81
5790,98861118.32
5791,123392682.81
5792,15300379.61
5793,61936349.57
5794,76986279.35
5795,97307430.9
5796,41927592.01
5797,92540702.53
5798,964182.68
5799,211941161.62
5800,1245348.13
5801,9010984.17
5802,5839685.83
5803,4819914.57
5804,441888121.54
5805,8939326.05
5806,24586438.2
5807,115124234.48
5808,52402482.74
5809,24468918.6
5810,10690515.54
5811,7435364.22
5812,89238295.52
5813,148109830.02
5814,17611323.1
5815,13390177.67
5816,13971856.72
5817,1562276.52
5818,12306008.6
5819,60700271.84
5820,17660082.0
5821,1021073.78
5822,548750.28
5823,77643298.77
5824,77807650.14
5825,19300964.27
5826,9668988.16
5827,3996511.02
5828,298194643.95
5829,74678624.48
5830,27604979.28
5831,126283370.13
5832,42986075.7
5833,24857921.61
5834,29621807.17
5835,1294787.47
5836,68594797.53
5837,52203738.93
5838,2026203.62
5839,60755619.97
5840,8126013.63
5841,74267703.17
5842,32223874.56
5843,23731891.48
5844,12363244.04
5845,2250144.59
5846,7467540.21
5847,67357869.34
5848,59629109.93
5849,6631603.15
5850,71174048.41
5851,18242571.13
5852,14008595.46
5853,32894843.26
5854,38517495.18
5855,99200232.67
5856,37481514.48
5857,816840197.67
5858,30438852.86
5859,40450733.1
5860,143224349.99
5861,9833158.53
5862,55937500.67
5863,85463038.97
5864,438637934.85
5865,14887772.52
5866,19270666.46
5867,39451685.04
5868,68256208.7
5869,15721959.99
5870,11054218.9
5871,127533680.34
5872,232419459.6
5873,67677440.52
5874,12754400.97
5875,64198895.21
5876,67413260.86
5877,8080358.25
5878,97428760.73
5879,5105859.63
5880,96756007.59
5881,103216768.16
5882,418218579.19
5883,27674679.95
5884,41736287.79
5885,10570499.84
5886,41402048.51
5887,18741674.81
5888,31496025.94
5889,7352278.73
5890,80181892.68
5891,41176136.32
5892,32501828.38
5893,13745045.54
5894,104341525.49
5895,34088225.34
5896,95046318.15
5897,1424282.72
5898,66493778.97
5899,5783004.03
5900,33171777.41
5901,1463263.33
5902,31192683.95
5903,92577728.82
5904,91854381.86
5905,66555815.34
5906,67127241.46
5907,11709764.39
5908,58080878.33
5909,64391957.55
5910,35306758.57
5911,8141315.69
5912,253348268.47
5913,54522387.1
5914,13376094.44
5915,6170761.92
5916,119655899.66
5917,169309593.77
5918,126577907.68
5919,70500215.88
5920,8242066.3
5921,53934253.57
5922,11138703.62
5923,11058524.78
5924,39750190.16
5925,474611566.15
5926,9472599.67
5927,7093748.22
5928,72710873.81
5929,3330511.97
5930,61535277.03
5931,87737480.37
5932,4511423.45
5933,17406496.82
5934,77777338.77
5935,229935976.43
5936,134641667.64
5937,2981508.64
5938,11114409.66
5939,70777357.01
5940,124708815.83
5941,22978437.82
5942,89937346.32
5943,6208274.61
5944,30085304.77
5945,10993901.63
5946,1513450.65
5947,2127217.77
5948,187949678.95
5949,1825324.86
5950,157781766.96
5951,49839458.48
5952,20026160.37
5953,144825557.55
5954,17420719.76
5955,22835580.21
5956,64751344.13
5957,43681071.62
5958,86931946.42
5959,44802000.31
5960,11907060.06
5961,6053463.65
5962,9304758.84
5963,36766673.51
5964,73725374.05
5965,36877384.27
5966,54574195.56
5967,429667694.01
5968,76623107.96
5969,91747180.08
5970,37448042.99
5971,11709577.24
5972,24140051.68
5973,93363011.85
5974,3810492.46
5975,17782874.86
5976,5559372.27
5977,7333396.11
5978,725232031.71
5979,11343503.07
5980,154568836.97
5981,11141473.66
5982,134414132.5
5983,2181595.8
5984,46604047.73
5985,89336833.82
5986,3150102.91
5987,11991316.33
5988,72650910.18
5989,3363564.37
5990,136415013.39
5991,7267117.71
5992,35373689.45
5993,134598107.91
5994,2901955.33
5995,25525868.04
5996,31361515.3
5997,25816351.08
5998,260074571.77
5999,4538545.67
6000,16691383.6
6001,20543620.33
6002,23382252.86
6003,448989277.42
6004,74333424.32
6005,9601036.91
6006,24626441.57
6007,24124337.67
6008,6682289.44
6009,104815502.22
6010,107490949.69
6011,55146010.64
6012,22822470.84
6013,223855020.32
6014,34933318.13
6015,41660673.91
6016,32923043.53
6017,15237967.56
6018,35666036.48
6019,6755660.05
6020,10299221.25
6021,15622015.94
6022,9876624.04
6023,46980643.89
6024,7067578.54
6025,26088194.5
6026,165881334.47
6027,21259581.21
6028,191799608.59
6029,10993352.18
6030,297973078.42
6031,56493607.39
6032,546556.84
6033,83020079.03
6034,11403543.07
6035,503180145.57
6036,6609511.13
6037,3077205.91
6038,291989.07
6039,8094429.35
6040,51636131.81
6041,258147698.78
6042,2107609.67
6043,138618428.09
6044,19245663.94
6045,49416926.84
6046,6062154.75
6047,9454737.91
6048,25552696.56
6049,13888980.23
6050,15810511.67
6051,5351837.84
6052,39175109.64
6053,2279905.88
6054,8048405.78
6055,27819996.06
6056,42630019.68
6057,2808539.28
6058,66818251.33
6059,103523545.28
6060,42891694.74
6061,108430250.02
6062,26827209.23
6063,105840071.32
6064,4240967.99
6065,166809536.92
6066,57814516.61
6067,48841891.46
6068,652290.64
6069,183400588.07
6070,158712983.15
6071,18749145.93
6072,44017912.89
6073,22454748.21
6074,6106037.71
6075,35953622.48
6076,106326695.02
6077,3422224.59
6078,82596986.42
6079,531937962.15
6080,4184525.81
6081,2138989.99
6082,7039601.43
6083,162086597.93
6084,42516100.22
6085,54813396.77
6086,14863811.88
6087,58894179.7
6088,16431951.57
6089,22503247.54
6090,264356709.59
6091,6674086.85
6092,12082432.62
6093,35375358.87
6094,138532705.86
6095,116559920.46
6096,17571604.98
6097,49630187.96
6098,18021123.62
6099,34872497.07
6100,45514510.17
6101,190323781.84
6102,86542286.34
6103,80853953.43
6104,4780375.24
6105,3164537.27
6106,6841778.18
6107,788936.17
6108,31203869.75
6109,21890694.48
6110,118751348.69
6111,862284.72
6112,13270961.18
6113,10895897.93
6114,73495012.85
6115,196897898.11
6116,2707504.76
6117,26412235.58
6118,111554489.99
6119,105194398.28
6120,82070339.39
6121,11388842.66
6122,63497360.23
6123,1123128.24
6124,4226129.69
6125,7736554.79
6126,16829187.95
6127,27122918.47
6128,210924701.35
6129,57125150.75
6130,10635992.72
6131,13823430.72
6132,719798.49
6133,35629276.66
6134,58359808.35
6135,67047248.91
6136,501121217.22
6137,92780799.58
6138,13083843.92
6139,1168062022.07
6140,6673805.07
6141,62257222.96
6142,1671440.1
6143,7357435.36
6144,19015051.67
6145,18235687.47
6146,36164789.94
6147,88939479.14
6148,14998267.69
6149,128270301.51
6150,333853802.39
6151,25224628.27
6152,785460485.65
6153,10961752.3
6154,496732.63
6155,149704893.88
6156,4581625.55
6157,25814045.18
6158,141898143.13
6159,24830390.51
6160,73851193.4
6161,21595926.71
6162,41753021.72
6163,4385176.49
6164,29151234.51
6165,29412772.81
6166,29085945.23
6167,24189124.19
6168,19601568.19
6169,73836834.34
6170,10028109.72
6171,25374034.39
6172,2496123.07
6173,40435652.85
6174,85943221.39
6175,25581119.07
6176,86027593.33
6177,79160203.37
6178,6808347.38
6179,313425888.69
6180,65439767.49
6181,37415858.23
6182,580996716.04
6183,24202908.95
6184,574223475.15
6185,13483131.38
6186,13703482.32
6187,8478927.99
6188,87304378.2
6189,34655291.94
6190,145909691.89
6191,11434401.43
6192,65882927.7
6193,18849495.25
6194,4914602.65
6195,2819508.39
6196,83042106.7
6197,5323312.52
6198,131496724.72
6199,638396513.96
6200,2031511.93
6201,9786150.72
6202,111832457.92
6203,715552632.26
6204,5506501.39
6205,10319883.52
6206,64680927.47
6207,78211371.85
6208,73186131.72
6209,2192606.14
6210,5609185.93
6211,90024015.24
6212,8086074.04
6213,135070446.62
6214,18188816.91
6215,26035061.4
6216,30375024.55
6217,13664658.99
6218,9549931.41
6219,25712631.24
6220,3321235.02
6221,6446934.06
6222,4994031.23
6223,60231451.08
6224,34311540.48
6225,99022424.25
6226,31421687.49
6227,16542457.2
6228,6574380.32
6229,2403439.76
6230,3848889.96
6231,99733131.76
6232,9240679.85
6233,196315824.45
6234,34394208.4
6235,37529856.59
6236,20477005.9
6237,5575643.97
6238,41500320.68
6239,257272108.49
6240,157331807.97
6241,10395659.74
6242,2496903.54
6243,17483436.58
6244,78896708.23
6245,8727455.3
6246,3503901.71
6247,442803195.05
6248,8083310.69
6249,24467909.97
6250,70997885.0
6251,111694525.61
6252,24176696.41
6253,24281979.36
6254,173346363.79
6255,15720704.42
6256,16273757.56
6257,103115120.59
6258,5890967.66
6259,7660396.26
6260,21842465.88
6261,98619094.62
6262,19717597.64
6263,81213328.25
6264,9649425.12
6265,31647722.37
6266,14300055.59
6267,143890839.86
6268,4523154.6
6269,154484430.49
6270,92627206.93
6271,274921126.61
6272,7499243.74
6273,27257152.64
6274,338695168.26
6275,33846424.31
6276,20799837.15
6277,58671508.17
6278,9637573.36
6279,18952497.19
6280,48778116.96
6281,18248782.95
6282,385478729.4
6283,42643145.94
6284,138348212.58
6285,102902686.41
6286,13757841.36
6287,28782161.08
6288,91160834.71
6289,139697238.96
6290,2939392.79
6291,46758906.69
6292,174892326.8
6293,587448647.24
6294,21095413.32
6295,216890185.31
6296,12460485.18
6297,98845959.74
6298,14910052.72
6299,2282526.77
6300,55131168.25
6301,37377970.46
6302,29307689.06
6303,11809207.45
6304,32709767.45
6305,134168146.58
6306,41595991.54
6307,2903810.59
6308,11610339.42
6309,9635512.84
6310,64207923.4
6311,4929513.38
6312,11914358.62
6313,62862098.19
6314,50759091.69
6315,19698383.36
6316,85568737.31
6317,168413010.55
6318,52030735.78
6319,62857892.95
6320,17818813.51
6321,85700973.23
6322,39933091.97
6323,15525086.19
6324,3872824.67
6325,106008616.92
6326,8626635.0
6327,32648938.19
6328,35641858.36
6329,7164019.55
6330,3170424.62
6331,93859123.57
6332,5656471.5
6333,12093521.56
6334,950004.07
6335,94446468.45
6336,57860369.42
6337,73204655.19
6338,2033673.05
6339,47786452.28
6340,20899405.68
6341,7867073.15
6342,27398786.37
6343,72560348.18
6344,74693831.23
6345,12531121.02
6346,176701403.19
6347,101593099.1
6348,28758627.95
6349,89579872.96
6350,9036068.54
6351,102850634.24
6352,77113163.91
6353,12271394.94
6354,3922689.18
6355,534362.76
6356,33383860.55
6357,6245622.49
6358,9180955.21
6359,11114587.85
6360,25152893.32
6361,170490863.18
6362,3941908.1
6363,12323997.13
6364,10789491.71
6365,166409915.35
6366,32246397.61
6367,14432164.92
6368,61058891.89
6369,11048075.19
6370,159724419.85
6371,9191274.69
6372,37485137.23
6373,7311353.56
6374,10549190.72
6375,97085911.53
6376,13108985.86
6377,12425268.52
6378,6613004.71
6379,203922932.28
6380,14326383.16
6381,450031255.29
6382,73776581.36
6383,70625619.42
6384,95736890.1
6385,35897419.56
6386,330971104.81
6387,27101690.64
6388,9708858.92
6389,11845585.76
6390,34371106.25
6391,8689534.68
6392,14730017.69
6393,332640392.71
6394,178709397.47
6395,4974686.03
6396,12853497.83
6397,12194467.26
6398,25114880.28
6399,9841459.28
6400,19821796.04
6401,1966210.48
6402,41601566.61
6403,1740834.59
6404,20680090.62
6405,8076319.89
6406,16683343.14
6407,21539728.9
6408,29589174.05
6409,75549469.37
6410,13096967.82
6411,10756797.86
6412,4916216.68
6413,24208383.12
6414,602457324.85
6415,2123512.67
6416,6043087.15
6417,111277922.29
6418,66774545.02
6419,26232863.72
6420,30396574.7
6421,40941908.97
6422,1446866.97
6423,14350647.46
6424,120024222.66
6425,39467267.36
6426,18904020.23
6427,13933326.47
6428,8002782.93
6429,22480488.4
6430,135840098.22
6431,130482918.87
6432,136295838.99
6433,49862492.8
6434,23445173.16
6435,43561016.24
6436,66893738.29
6437,14716767.35
6438,32433438.68
6439,26125831.99
6440,48439450.93
6441,23016452.45
6442,18031399.44
6443,21566852.57
6444,5445544.15
6445,561589417.25
6446,245425730.85
6447,19971034.1
6448,5753812.52
6449,78821359.21
6450,38464586.71
6451,11673591.2
6452,31742350.52
6453,85503568.39
6454,30267997.65
6455,47411744.8
6456,43193652.91
6457,127651767.22
6458,1668004.72
6459,13789432.72
6460,116595818.4
6461,159134489.52
6462,181376735.03
6463,2749488.27
6464,19919676.44
6465,13031333.23
6466,20748107.77
6467,24778487.59
6468,2952127.3
6469,13196903.89
6470,21056653.55
6471,7125881.11
6472,68815582.95
6473,18570369.08
6474,6251786.3
6475,7203614.93
6476,396944519.67
6477,70233395.52
6478,26407851.71
6479,522577646.72
6480,45048425.75
6481,32502859.52
6482,6190760.07
6483,2875101.67
6484,144057422.0
6485,95264312.45
6486,1470247.96
6487,123093288.59
6488,30235967.72
6489,2005298.26
6490,1877865.95
6491,17926771.3
6492,47504567.61
6493,26331625.92
6494,140739939.05
6495,17905383.47
6496,491386798.39
6497,211278845.41
6498,24618018.5
6499,22684396.37
6500,2381568.49
6501,9145100.36
6502,209066037.44
6503,31654071.68
6504,6544212.79
6505,27266358.72
6506,18419374.13
6507,20603041.1
6508,94914586.8
6509,9154281.2
6510,5566541.56
6511,20590289.5
6512,3101466.89
6513,23239842.5
6514,21848970.09
6515,292927221.46
6516,61415416.09
6517,7089889.54
6518,41234571.92
6519,79816812.03
6520,5996738.99
6521,346663962.5
6522,50545335.06
6523,124114894.05
6524,27610981.1
6525,41147098.18
6526,462191608.6
6527,5228586.41
6528,9980580.13
6529,11506537.37
6530,119888866.81
6531,16018337.52
6532,26294192.42
6533,3521245.64
6534,384215170.27
6535,17129637.62
6536,39179962.62
6537,76339612.8
6538,34094020.48
6539,319537692.85
6540,142509562.5
6541,78611073.69
6542,46305320.53
6543,710521.26
6544,27151003.26
6545,21796815.3
6546,339990848.36
6547,3124905.67
6548,100342523.39
6549,112814300.34
6550,81227196.16
6551,61416204.45
6552,13228502.25
6553,8671262.79
6554,21976616.58
6555,34765239.84
6556,109952129.4
6557,11436559.59
6558,107582604.22
6559,48270383.05
6560,226006654.6
6561,7925982.44
6562,126165562.42
6563,21004266.62
6564,21033506.5
6565,17902997.14
6566,51051411.81
6567,19520812.21
6568,49374990.42
6569,3396831.22
6570,72350224.69
6571,26510573.15
6572,368842.59
6573,45248363.8
6574,32153463.32
6575,6619897.68
6576,25175944.9
6577,9124220.78
6578,41534485.12
6579,28206726.24
6580,5768393.95
6581,32819089.0
6582,7338839.29
6583,7758229.03
6584,1362973.15
6585,48627375.0
6586,69979185.59
6587,81131228.28
6588,9696998.63
6589,55934660.24
6590,158826445.64
6591,16860545.77
6592,185553483.84
6593,137152395.99
6594,126763586.79
6595,4365198.2
6596,107481727.07
6597,7431417.55
6598,17371861.2
6599,17610509.5
6600,31823538.49
6601,30206229.94
6602,529505679.76
6603,54843681.53
6604,18781680.59
6605,111000174.63
6606,12213587.1
6607,72103615.52
6608,1669206.15
6609,14088677.82
6610,25332616.78
6611,7596174.12
6612,752015319.41
6613,48265419.32
6614,225877025.27
6615,4025853.93
6616,126766470.92
6617,81041080.16
6618,61283286.08
6619,15156250.78
6620,20646133.27
6621,63303378.79
6622,98221743.97
6623,186972013.54
6624,103043506.37
6625,208333633.14
6626,45205116.96
6627,162844184.65
6628,6184769.55
6629,13031618.79
6630,2869323.21
6631,3928429.92
6632,15641678.42
6633,5418340.33
6634,9182366.04
6635,3713929.62
6636,147366008.11
6637,51423654.56
6638,13865847.19
6639,24276582.0
6640,80527469.94
6641,130604770.74
6642,196065626.08
6643,3800817.16
6644,4721016.91
6645,36869243.22
6646,32800340.49
6647,6623523.96
6648,59103232.3
6649,11230289.38
6650,7648095.63
6651,22787439.44
6652,7386027.75
6653,58714224.23
6654,143955799.98
6655,82644609.52
6656,17631408.39
6657,105509224.28
6658,6191252.69
6659,11771349.76
6660,12820989.01
6661,2042412.26
6662,18070978.9
6663,466880297.8
6664,19101359.44
6665,2959736.1
6666,31554246.33
6667,231841300.94
6668,35484738.47
6669,38941961.54
6670,15019796.93
6671,48159226.14
6672,35702479.02
6673,113351808.56
6674,347460606.68
6675,92146867.35
6676,21176229.5
6677,6887698.42
6678,12636205.86
6679,629910604.6
6680,19913014.14
6681,648536203.65
6682,96620178.68
6683,78145267.11
6684,2182114.04
6685,7199963.99
6686,71392739.34
6687,77215753.22
6688,30638390.09
6689,123949566.31
6690,266891969.0
6691,4772203.74
6692,452559495.0
6693,36338711.67
6694,72976249.82
6695,114385309.23
6696,186478557.53
6697,6091789.13
6698,11142750.87
6699,265095135.48
6700,188543111.96
6701,41324840.18
6702,39163642.98
6703,11541295.86
6704,8740017.88
6705,41930352.89
6706,31363680.04
6707,46515435.06
6708,80321257.24
6709,8146035.15
6710,90846934.94
6711,54149941.83
6712,126612704.07
6713,1856220.81
6714,1296745.02
6715,13177159.87
6716,41661443.79
6717,324305711.06
6718,37089277.39
6719,56103091.43
6720,4345776.19
6721,83875011.44
6722,6824628.77
6723,104405790.23
6724,27809663.2
6725,3621250.47
6726,97982481.13
6727,8773549.53
6728,15594908.1
6729,17926278.38
6730,46527923.22
6731,4006063.68
6732,16038313.95
6733,150307016.89
6734,11513566.71
6735,114346208.94
6736,7368449.12
6737,8513770.52
6738,23388201.34
6739,43410468.39
6740,2535190.34
6741,5982107.04
6742,30843400.64
6743,165911395.9
6744,40511270.78
6745,4542392.33
6746,106994622.92
6747,44909849.29
6748,778852.79
6749,5622554.13
6750,2432886.88
6751,12079480.13
6752,109164898.74
6753,10278518.49
6754,130163038.22
6755,8992167.7
6756,171864086.07
6757,60959419.08
6758,12865748.42
6759,147617709.5
6760,27761479.01
6761,38092086.51
6762,3601695.99
6763,21389373.64
6764,7477115.17
6765,128612820.85
6766,3095614.06
6767,31089213.22
6768,161599549.13
6769,30522542.05
6770,23459850.54
6771,7796090.71
6772,6517167.13
6773,37804785.28
6774,199450661.09
6775,480085957.48
6776,9788416.59
6777,33702718.51
6778,70516536.03
6779,53724943.02
6780,128651528.9
6781,8740367.28
6782,107088221.5
6783,39652103.37
6784,1431179.02
6785,79365565.6
6786,26819620.33
6787,65973233.82
6788,7234939.21
6789,11725385.63
6790,15006058.47
6791,39397721.23
6792,378555028.44
6793,83777711.27
6794,9877662.2
6795,11021333.47
6796,709648284.33
6797,7379229.33
6798,31671754.97
6799,9221899.86
6800,77270675.52
6801,189908294.14
6802,22314951.64
6803,149723173.33
6804,1018161.95
6805,57869536.65
6806,10035408.16
6807,65689301.27
6808,4564287.46
6809,32190004.6
6810,24986758.86
6811,65056219.13
6812,5012750.01
6813,139342160.4
6814,4658534.05
6815,8849287.58
6816,8835251.8
6817,2339070.34
6818,2051332.39
6819,64014742.78
6820,77078054.49
6821,40471895.67
6822,13821096.22
6823,66458149.61
6824,167973174.59
6825,57749754.85
6826,11563529.16
6827,4656194.49
6828,11770064.71
6829,10239270.89
6830,9093637.08
6831,61969134.41
6832,52408309.35
6833,25413492.72
6834,13122234.51
6835,95116244.66
6836,5148333.72
6837,137302842.42
6838,12244330.5
6839,21740137.13
6840,27886941.75
6841,31966832.89
6842,11447484.62
6843,20181229.45
6844,106319985.19
6845,26616667.72
6846,150807428.71
6847,890769.98
6848,26822015.17
6849,14457210.14
6850,69181628.71
6851,268960101.21
6852,21314066.3
6853,30957901.97
6854,78258002.4
6855,52449370.4
6856,5059423.78
6857,19688378.92
6858,12133041.06
6859,40681772.23
6860,18911078.94
6861,33565865.53
6862,44413182.37
6863,324593389.01
6864,8942443.2
6865,8672087.81
6866,104759773.65
6867,31734623.99
6868,832930742.61
6869,37391540.2
6870,2073177.74
6871,72395339.23
6872,4076297.21
6873,33882822.43
6874,49447101.93
6875,8516820.99
6876,48048969.75
6877,15301067.73
6878,10900476.98
6879,5482656.37
6880,6214839.68
6881,10437261.34
6882,103885422.75
6883,61244326.89
6884,102264603.1
6885,10622675.03
6886,2942729.16
6887,83685658.91
6888,70447522.33
6889,6993727.51
6890,11129872.17
6891,59102491.05
6892,126394178.44
6893,157665774.45
6894,44406360.15
6895,1174316.45
6896,16375832.32
6897,2577807.36
6898,27389316.05
6899,33842611.3
6900,89288724.89
6901,59059075.35
6902,25518531.4
6903,24368919.83
6904,188653356.77
6905,33794018.17
6906,108715120.4
6907,34387164.69
6908,15673746.87
6909,4564537.62
6910,6966501.41
6911,10085491.51
6912,28804108.85
6913,410546333.08
6914,314073209.99
6915,23662853.3
6916,25666272.56
6917,748504840.34
6918,84481717.79
6919,1764066.93
6920,112495125.77
6921,384943007.55
6922,21151429.84
6923,8597554.06
6924,1208326.0
6925,12818985.43
6926,12125741.0
6927,2292983.86
6928,36161023.1
6929,54638260.7
6930,166301291.9
6931,14702042.09
6932,15834295.57
6933,18629414.77
6934,112466278.53
6935,6276765.83
6936,22141957.51
6937,133666616.56
6938,10394394.02
6939,57990612.42
6940,124706660.94
6941,86139306.89
6942,17303664.59
6943,9261119.96
6944,163082943.22
6945,29549568.24
6946,75496467.23
6947,12368651.28
6948,25850300.12
6949,129103177.62
6950,412060051.65
6951,4124973.3
6952,19412844.27
6953,31743357.2
6954,50306204.29
6955,84983786.08
6956,12452905.74
6957,3473571.52
6958,2907631.31
6959,12862602.72
6960,34767639.19
6961,16013034.31
6962,189226202.04
6963,22695378.19
6964,128083137.15
6965,15164742.04
6966,68052125.53
6967,121247722.51
6968,7106465.95
6969,4460064.77
6970,28201904.96
6971,164959381.26
6972,1732916.98
6973,77201006.51
6974,74129467.43
6975,28799558.77
6976,37588616.19
6977,12030145.49
6978,3338102.34
6979,61245747.8
6980,36984470.14
6981,4929112.77
6982,142923332.02
6983,4792543.55
6984,108568113.69
6985,294944536.62
6986,30155545.28
6987,5212540.85
6988,24137632.56
6989,16923980.01
6990,271680181.25
6991,11358682.35
6992,11866557.92
6993,7153369.26
6994,3812494.46
6995,25079415.29
6996,98305675.1
6997,1023226.41
6998,20847417.21
6999,134007356.57
7000,7297255.61
7001,7582060.87
7002,10373751.15
7003,17929266.64
7004,48198702.26
7005,5947706.6
7006,1438055.85
7007,30395855.74
7008,65546555.98
7009,23068380.96
7010,20101610.86
7011,2301386.45
7012,9039523.6
7013,6955876.15
7014,5928889.79
7015,133686712.66
7016,378841468.05
7017,16867695.64
7018,23980150.0
7019,119977979.48
7020,56244909.15
7021,45547662.8
7022,62801922.37
7023,92933818.44
7024,17597510.65
7025,14921161.3
7026,258553371.62
7027,67507121.06
7028,7266879.22
7029,126829898.67
7030,48826845.42
7031,68747190.7
7032,20941202.62
7033,14321611.4
7034,28953314.5
7035,34109231.79
7036,22173220.69
7037,35673435.17
7038,41878627.53
7039,108309140.47
7040,29323450.97
7041,75849279.02
7042,95792900.45
7043,4081198.27
7044,39678903.09
7045,36600039.67
7046,80960536.28
7047,298297992.19
7048,25329223.7
7049,44542367.22
7050,1166315.38
7051,17440935.83
7052,89026639.45
7053,9381440.35
7054,43556688.47
7055,111119973.04
7056,375074901.97
7057,39458559.98
7058,12471365.81
7059,28313134.58
7060,15556790.31
7061,55190648.88
7062,55866783.55
7063,2464444.83
7064,227119961.16
7065,36608980.83
7066,34359966.11
7067,3215402.26
7068,73279448.13
7069,2893440.47
7070,194920814.76
7071,272880716.48
7072,1917972.15
7073,31841068.2
7074,7433233.83
7075,59521432.62
7076,85602505.93
7077,63669255.7
7078,141985756.68
7079,9391436.09
7080,16695389.71
7081,16633234.8
7082,2370282.43
7083,3797715.86
7084,51039390.11
7085,15897120.81
7086,8092796.89
7087,141969287.16
7088,107338022.89
7089,9346860.51
7090,14487122.44
7091,7281754.18
7092,233179715.8
7093,54104963.73
7094,53281510.07
7095,4757565.32
7096,15279072.28
7097,172728167.2
7098,106189518.17
7099,67153235.8
7100,19938465.62
7101,64382825.09
7102,4556192.18
7103,13253433.97
7104,8215647.08
7105,97953902.92
7106,27596018.52
7107,41959202.79
7108,12113182.39
7109,41763653.41
7110,4292264.67
7111,14093665.92
7112,198918144.64
7113,110975837.9
7114,29004044.04
7115,26029105.45
7116,16504552.21
7117,8017744.38
7118,16139766.07
7119,77458684.0
7120,5116351.12
7121,20810424.4
7122,9704995.89
7123,11527850.24
7124,524482086.85
7125,81430005.08
7126,275271288.26
7127,48511280.22
7128,13601282.14
7129,8897108.87
7130,39522463.48
7131,23741031.99
7132,16595862.71
7133,150125412.05
7134,76351310.07
7135,112606268.66
7136,48118153.66
7137,32111480.46
7138,34651260.91
7139,4480502.58
7140,125274259.65
7141,5715408.25
7142,22956383.61
7143,88486356.61
7144,5000978.67
7145,37212151.98
7146,6650115.6
7147,30498406.13
7148,54240854.11
7149,7831494.51
7150,15887399.99
7151,19081680.27
7152,134991760.65
7153,11792035.33
7154,34951341.42
7155,157713658.65
7156,12743618.64
7157,80180040.01
7158,22951063.32
7159,5148266.05
7160,16996951.5
7161,54360846.24
7162,346305371.57
7163,45818909.08
7164,1297579.82
7165,210683735.67
7166,29802174.0
7167,1705987.55
7168,4118694.41
7169,11218965.85
7170,39117044.61
7171,25927804.3
7172,13681774.36
7173,8347195.56
7174,6126051.33
7175,4497304.24
7176,41138593.68
7177,133197580.33
7178,38297229.99
7179,142569279.48
7180,4531271.56
7181,27128100.84
7182,96473940.63
7183,3932949.73
7184,1151653474.03
7185,25185201.42
7186,47971069.84
7187,90427840.84
7188,80716270.41
7189,28973103.37
7190,6581749.08
7191,1815479.69
7192,51316482.81
7193,49330284.95
7194,396974924.4
7195,29936285.25
7196,34718285.34
7197,12077653.21
7198,16637498.31
7199,10605579.49
7200,105686056.76
7201,17188390.92
7202,23953109.97
7203,6928890.13
7204,110829587.07
7205,220641609.18
7206,171665468.5
7207,424629485.62
7208,25204977.24
7209,15425036.04
7210,2670239.97
7211,2797466.66
7212,103727941.69
7213,57674083.8
7214,374174176.02
7215,120889113.29
7216,180847751.54
7217,2109899.92
7218,31814721.0
7219,34257766.49
7220,70973174.23
7221,27796834.76
7222,80355868.14
7223,19123585.38
7224,20366623.34
7225,10455259.84
7226,87262690.9
7227,84148593.23
7228,24340745.04
7229,35608394.32
7230,7960434.98
7231,13496563.63
7232,254722451.83
7233,237582139.88
7234,262958887.5
7235,38930338.27
7236,117271613.89
7237,45000444.9
7238,9735711.94
7239,879701606.3
7240,48782930.32
7241,222544342.72
7242,78678264.64
7243,19961796.04
7244,90323466.3
7245,8915390.46
7246,3484987.54
7247,86427609.89
7248,64559275.56
7249,12905630.1
7250,4170203.57
7251,35433405.77
7252,23210428.01
7253,22203162.53
7254,110975333.62
7255,1376640.81
7256,33572333.11
7257,13291689.89
7258,44067014.55
7259,10961290.99
7260,1669964.46
7261,510027757.45
7262,2053391.73
7263,53036861.29
7264,10690999.62
7265,25239917.28
7266,39745901.76
7267,3101792.75
7268,3904759.69
7269,117019906.81
7270,327151046.53
7271,13030684.55
7272,44277155.19
7273,4304988.87
7274,12794249.34
7275,41544801.8
7276,14428282.16
7277,178076344.68
7278,279597905.07
7279,271383231.14
7280,107568344.7
7281,69272363.87
7282,54035694.76
7283,172811849.68
7284,11380459.04
7285,85397052.57
7286,199568184.44
7287,17179285.03
7288,4968251.9
7289,116661604.46
7290,15503359.88
7291,43938044.62
7292,7569423.55
7293,38820883.59
7294,22054326.17
7295,68392402.73
7296,4171657.63
7297,95899112.72
7298,12642448.2
7299,8036535.2
7300,8085265.24
7301,35364676.93
7302,3235063.45
7303,1121383.24
7304,22418416.87
7305,9738640.38
7306,587465185.44
7307,3679875.95
7308,1287348.48
7309,29595291.13
7310,11323777.39
7311,4773832.89
7312,115871466.5
7313,182499436.2
7314,21431961.56
7315,8924692.53
7316,5784062.35
7317,27001040.83
7318,116441566.77
7319,5523687.39
7320,201822002.17
7321,1366490.94
7322,11765742.13
7323,41846594.72
7324,12414093.23
7325,345178784.87
7326,286104955.28
7327,6559006.09
7328,85552392.51
7329,139603555.39
7330,259285373.89
7331,175634854.84
7332,24667468.46
7333,108491910.07
7334,28343925.97
7335,96375781.61
7336,25760962.01
7337,15659078.13
7338,38725268.3
7339,80335363.22
7340,13743143.61
7341,746067.75
7342,86137828.71
7343,13789086.4
7344,7146257.66
7345,25514901.75
7346,21052542.64
7347,15687037.05
7348,13079009.23
7349,35114153.0
7350,41588755.63
7351,67879478.22
7352,3389010.11
7353,11310762.07
7354,1004053.23
7355,65335747.26
7356,51671108.53
7357,6245133.77
7358,17293329.47
7359,72063909.61
7360,39884660.53
7361,2088474.54
7362,163641471.45
7363,613461943.07
7364,2233615.19
7365,90000011.52
7366,32863567.51
7367,9931810.04
7368,19398404.48
7369,48550436.25
7370,118264864.18
7371,13421091.57
7372,83948166.65
7373,344096714.18
7374,45278114.73
7375,87138260.59
7376,3229214.54
7377,34755587.11
7378,186402327.07
7379,90603765.96
7380,19181201.27
7381,18037493.03
7382,14751018.4
7383,1346177.26
7384,21775320.04
7385,40451338.62
7386,43813120.6
7387,3517380.24
7388,4365599.25
7389,6102767.51
7390,1860085.5
7391,17236585.78
7392,16480850.43
7393,624750912.34
7394,66360889.71
7395,83603365.17
7396,50794727.59
7397,60610196.58
7398,6461251.35
